ENSG00000101276.14	778015	485
ENSG00000107929.14	827244	290
ENSG00000107929.14	827244	290
ENSG00000107929.14	827244	290
ENSG00000107929.14	827244	290
ENSG00000159842.14	1060047	496
ENSG00000159842.14	1060047	496
ENSG00000180448.10	1069220	704
ENSG00000180448.10	1069220	704
ENSG00000180448.10	1079414	79
ENSG00000180448.10	1079414	79
ENSG00000180448.10	1079414	79
ENSG00000064932.15	1122128	155
ENSG00000064932.15	1122128	155
ENSG00000125818.17	1133277	140
ENSG00000064932.15	1134221	2185
ENSG00000146540.14	1140260	3836
ENSG00000146540.14	1140260	3836
ENSG00000146540.14	1140260	3836
ENSG00000146540.14	1140260	3836
ENSG00000146540.14	1140260	3836
ENSG00000273554.4	1149868	75
ENSG00000273554.4	1149868	75
ENSG00000064932.15	1157136	245
ENSG00000178381.11	1157677	207
ENSG00000178381.11	1157677	207
ENSG00000178381.11	1162219	224
ENSG00000178381.11	1162219	224
ENSG00000178381.11	1162219	224
ENSG00000178381.11	1162219	224
ENSG00000179403.11	1433522	315
ENSG00000179403.11	1433522	315
ENSG00000095906.16	1782459	52
ENSG00000095906.16	1782710	293
ENSG00000227500.9	1906280	2050
ENSG00000227500.9	1906280	2050
ENSG00000065057.7	2046826	263
ENSG00000002822.15	2227598	386
ENSG00000002822.15	2227598	386
ENSG00000002822.15	2227598	386
ENSG00000106009.15	2546252	300
ENSG00000106009.15	2546252	373
ENSG00000106009.15	2546252	373
ENSG00000140992.18	2548602	113
ENSG00000080986.12	2575848	162
ENSG00000080986.12	2576122	611
ENSG00000106012.17	2578109	111
ENSG00000137275.13	3066423	150
ENSG00000177426.20	3453151	53
ENSG00000095932.6	3482522	200
ENSG00000095932.6	3482522	200
ENSG00000005339.13	3746957	138
ENSG00000005339.13	3746957	138
ENSG00000005339.13	3746957	138
ENSG00000167323.9	3901462	245
ENSG00000130254.11	5595705	2308
ENSG00000255378.1	7783413	20
ENSG00000124275.14	7884578	898
ENSG00000163995.18	8043436	2878
ENSG00000107485.15	8056398	2087
ENSG00000107485.15	8056398	4863
ENSG00000166402.8	8079361	2284
ENSG00000173482.16	8083701	34
ENSG00000173482.16	8083701	34
ENSG00000179148.9	8121047	40
ENSG00000179148.9	8121047	40
ENSG00000125089.16	8180074	1952
ENSG00000125089.16	8180074	1952
ENSG00000125089.16	8199650	2480
ENSG00000090661.11	8258996	28
ENSG00000090661.11	8258996	28
ENSG00000090661.11	8258996	28
ENSG00000162426.14	8315825	1472
ENSG00000276231.4	8851794	2988
ENSG00000153707.15	8859776	1661
ENSG00000175352.10	8986103	133
ENSG00000101333.16	9164357	674
ENSG00000101333.16	9164357	674
ENSG00000049239.12	9232774	494
ENSG00000119185.12	9414717	1703
ENSG00000119185.12	9414717	1703
ENSG00000168137.15	9427972	640
ENSG00000168137.15	9427972	640
ENSG00000174652.17	9437578	900
ENSG00000174652.17	9437578	900
ENSG00000258992.5	9465000	1774
ENSG00000171469.10	9623399	3551
ENSG00000171469.10	9623399	3551
ENSG00000072952.18	10635984	8
ENSG00000110321.15	10803588	326
ENSG00000110321.15	10803588	326
ENSG00000110321.15	10803588	326
ENSG00000143870.12	10814844	210
ENSG00000143870.12	10814844	210
ENSG00000143870.12	10814844	210
ENSG00000007174.17	11882333	521
ENSG00000169862.18	11906043	1677
ENSG00000169862.18	11906043	1677
ENSG00000169862.18	11906043	1677
ENSG00000154889.16	11910273	1432
ENSG00000157150.4	12161351	357
ENSG00000157150.4	12161351	357
ENSG00000154743.17	12527778	238
ENSG00000154743.17	12527778	238
ENSG00000154743.17	12527870	467
ENSG00000162496.8	12618696	392
ENSG00000162496.8	12618795	175
ENSG00000162496.8	12619731	160
ENSG00000168675.18	13618867	1018
ENSG00000105135.15	15127785	779
ENSG00000134533.6	15140163	413
ENSG00000188487.11	15233144	3392
ENSG00000239704.10	15454620	339
ENSG00000131373.14	15603185	65
ENSG00000131373.14	15603185	65
ENSG00000162461.7	15735782	7
ENSG00000206560.10	15798826	233
ENSG00000206560.10	15799979	71
ENSG00000148481.13	15839299	4994
ENSG00000148481.13	15839299	4994
ENSG00000148481.13	15839299	4491
ENSG00000148481.13	15839299	3922
ENSG00000148481.13	15839299	3922
ENSG00000103222.18	16012539	179
ENSG00000103222.18	16012539	179
ENSG00000131386.17	16173416	236
ENSG00000131386.17	16173416	236
ENSG00000141977.9	16175525	428
ENSG00000183654.8	16181775	160
ENSG00000183654.8	16181775	160
ENSG00000038945.14	16188272	621
ENSG00000169762.16	16216633	399
ENSG00000038945.14	16217074	152
ENSG00000038945.14	16217074	152
ENSG00000169762.16	16228030	1196
ENSG00000269058.5	16498192	776
ENSG00000269058.5	16498192	776
ENSG00000038945.14	16513916	15
ENSG00000038945.14	16513916	15
ENSG00000171243.7	16532580	2130
ENSG00000171243.7	16532580	2130
ENSG00000154153.13	16619058	2021
ENSG00000105085.10	16626661	2731
ENSG00000136261.14	16644194	110
ENSG00000136261.14	16644194	110
ENSG00000136261.14	16644194	110
ENSG00000106524.8	16647573	303
ENSG00000106524.8	16647573	303
ENSG00000173068.17	16707082	351
ENSG00000173068.17	16707082	351
ENSG00000173068.17	16707082	351
ENSG00000173068.17	16707082	2537
ENSG00000173068.17	16707082	2537
ENSG00000155970.11	17062129	2480
ENSG00000125864.11	17516741	179
ENSG00000133027.17	17520157	99
ENSG00000132664.11	18465126	913
ENSG00000132664.11	18465126	913
ENSG00000185164.14	18535102	352
ENSG00000188522.14	19006804	4120
ENSG00000188522.14	19006804	4120
ENSG00000213996.12	19275256	1997
ENSG00000213996.12	19275256	1997
ENSG00000213996.12	19275256	1997
ENSG00000105726.16	19658732	1094
ENSG00000169344.15	20358301	424
ENSG00000124766.5	21590768	3869
ENSG00000140740.10	21955487	1202
ENSG00000140740.10	21955487	1202
ENSG00000219073.7	21975020	283
ENSG00000142789.19	21999655	29
ENSG00000158806.13	22023248	1676
ENSG00000158806.13	22023248	1676
ENSG00000158806.13	22023248	1676
ENSG00000158806.13	22023248	1676
ENSG00000158815.10	22040397	731
ENSG00000169575.4	22242674	3216
ENSG00000103319.11	22255643	1689
ENSG00000171714.10	22268396	5830
ENSG00000152990.13	22415315	1092
ENSG00000147454.13	23539686	40
ENSG00000259431.5	23554293	91
ENSG00000259431.5	23554293	91
ENSG00000213983.11	23562311	172
ENSG00000213983.11	23562311	172
ENSG00000196335.12	23708166	3261
ENSG00000196335.12	23708166	3261
ENSG00000123130.16	23724742	2478
ENSG00000123130.16	23724742	2478
ENSG00000197885.10	23919065	867
ENSG00000205639.9	24015489	3090
ENSG00000205639.9	24015489	3090
ENSG00000154040.20	24150643	473
ENSG00000154040.20	24150643	473
ENSG00000139908.14	24203696	1786
ENSG00000157379.13	24294643	294
ENSG00000157379.13	24294643	294
ENSG00000084676.15	24705726	470
ENSG00000105928.13	24719316	774
ENSG00000107863.16	24724760	229
ENSG00000107863.16	24724760	229
ENSG00000111913.15	24845136	2816
ENSG00000111913.15	24845136	2816
ENSG00000115138.10	25170571	2094
ENSG00000119772.16	25244015	4387
ENSG00000119772.16	25244015	4387
ENSG00000138101.18	25499651	4229
ENSG00000138101.18	25601043	29
ENSG00000117643.14	25615849	183
ENSG00000117643.14	25615849	183
ENSG00000124564.17	25876212	1062
ENSG00000124564.17	25876212	1062
ENSG00000124564.17	25876212	1062
ENSG00000141380.13	26080386	4666
ENSG00000141384.11	26224882	169
ENSG00000141384.11	26224882	169
ENSG00000173567.14	26321102	464
ENSG00000124557.12	26499266	784
ENSG00000124557.12	26499266	784
ENSG00000124557.12	26499266	784
ENSG00000124557.12	26499266	784
ENSG00000124557.12	26499266	784
ENSG00000100122.5	26620088	101
ENSG00000100122.5	26620088	101
ENSG00000100122.5	26620088	101
ENSG00000100122.5	26620088	101
ENSG00000171303.6	26690689	13204
ENSG00000179796.11	26692554	330
ENSG00000115163.14	26783996	12
ENSG00000171885.13	26864848	98
ENSG00000171885.13	26864848	98
ENSG00000182256.12	26969443	1434
ENSG00000064115.10	26982608	4066
ENSG00000064115.10	26982608	4066
ENSG00000253368.3	26991706	1162
ENSG00000096872.15	27026807	292
ENSG00000119777.18	27031137	132
ENSG00000119777.18	27031137	132
ENSG00000033867.16	27403044	632
ENSG00000084734.8	27505340	124
ENSG00000120162.9	27531781	3739
ENSG00000120162.9	27531781	3739
ENSG00000120162.9	27531781	3739
ENSG00000120162.9	27531781	3739
ENSG00000110841.13	27658933	596
ENSG00000110841.13	27658933	596
ENSG00000110841.13	27658933	596
ENSG00000110841.13	27686188	170
ENSG00000110841.13	27686188	170
ENSG00000169180.11	28103986	932
ENSG00000169180.11	28103986	932
ENSG00000187118.12	28251727	4599
ENSG00000180198.15	28503942	2907
ENSG00000076382.16	28581252	67
ENSG00000076382.16	28581252	67
ENSG00000076382.16	28581252	67
ENSG00000007202.14	28647454	524
ENSG00000007202.14	28647454	524
ENSG00000007202.14	28647454	524
ENSG00000034053.14	28882482	383
ENSG00000159023.18	28885090	81
ENSG00000189403.14	30465264	3864
ENSG00000198814.12	30685522	296
ENSG00000162949.16	30822542	1225
ENSG00000162949.16	30822542	1225
ENSG00000162949.16	30822542	1225
ENSG00000133863.6	30851092	987
ENSG00000120694.19	31154501	121
ENSG00000120694.19	31154501	121
ENSG00000120694.19	31154501	121
ENSG00000120694.19	31154501	121
ENSG00000092148.12	31170341	310
ENSG00000213760.10	31548848	102
ENSG00000213760.10	31548848	102
ENSG00000213760.10	31548848	102
ENSG00000232810.3	31573566	337
ENSG00000118271.9	31589725	1152
ENSG00000118271.9	31589725	1152
ENSG00000183530.13	31714347	32
ENSG00000183530.13	31714347	32
ENSG00000183530.13	31714347	32
ENSG00000183530.13	31714347	32
ENSG00000204394.12	31786435	1715
ENSG00000204394.12	31786435	1715
ENSG00000204394.12	31786435	1715
ENSG00000204394.12	31786435	1715
ENSG00000151413.16	31841743	1102
ENSG00000153339.13	31955136	830
ENSG00000178691.10	31963694	437
ENSG00000178691.10	31963694	437
ENSG00000170293.8	32236678	3398
ENSG00000170293.8	32236678	3398
ENSG00000100220.11	32401985	1127
ENSG00000087470.17	32711246	986
ENSG00000166923.10	32716003	447
ENSG00000166923.10	32716003	447
ENSG00000150076.22	32724822	248
ENSG00000122642.10	32978437	2691
ENSG00000137074.18	32992088	325
ENSG00000137074.18	32992088	325
ENSG00000122507.20	33127243	89
ENSG00000133083.14	36133306	199
ENSG00000088367.20	36188764	949
ENSG00000088367.20	36188764	949
ENSG00000011426.10	36387805	1334
ENSG00000273611.4	36487157	543
ENSG00000273611.4	36487157	543
ENSG00000137200.12	37471567	203
ENSG00000101489.19	37487576	402
ENSG00000101489.19	37487576	402
ENSG00000167258.13	39541990	2989
ENSG00000275395.4	39889292	3058
ENSG00000128829.11	39989165	573
ENSG00000171587.14	40849139	766
ENSG00000171587.14	40849139	766
ENSG00000187242.4	40869210	947
ENSG00000165061.14	40899807	645
ENSG00000165061.14	40899807	645
ENSG00000128917.6	40927339	7948
ENSG00000128917.6	40927339	7948
ENSG00000172766.18	41360454	457
ENSG00000172766.18	41360454	457
ENSG00000157601.13	41419328	406
ENSG00000177191.2	41430730	1711
ENSG00000177191.2	41430730	1711
ENSG00000177191.2	41430730	1711
ENSG00000100412.15	41467124	936
ENSG00000126337.13	41494546	1664
ENSG00000147533.16	41500568	115
ENSG00000124177.14	41501317	343
ENSG00000151233.10	42146879	18
ENSG00000070718.11	42152130	1
ENSG00000070718.11	42165764	56
ENSG00000128881.16	42922809	1257
ENSG00000128881.16	42922809	1257
ENSG00000128881.16	42922809	1257
ENSG00000266967.6	42966498	628
ENSG00000178922.16	43454219	264
ENSG00000161692.17	44731658	1130
ENSG00000161692.17	44731658	1130
ENSG00000161692.17	44731658	1130
ENSG00000187244.10	44807058	43
ENSG00000187244.10	44807058	43
ENSG00000187244.10	44807058	43
ENSG00000243543.8	45541495	1052
ENSG00000160284.14	46186476	1041
ENSG00000149654.9	46222849	699
ENSG00000012223.12	46443905	1241
ENSG00000198185.11	46515559	1422
ENSG00000198185.11	46515559	1422
ENSG00000167210.16	46557371	510
ENSG00000206549.12	46719883	130
ENSG00000187048.12	46943456	1294
ENSG00000068724.15	46948420	195
ENSG00000149182.14	47179125	17
ENSG00000114650.18	47477597	39
ENSG00000114650.18	47477597	39
ENSG00000078061.12	47567985	1668
ENSG00000078061.12	47567985	1668
ENSG00000269113.3	47996212	1117
ENSG00000140798.15	48093238	529
ENSG00000011260.13	51283267	1188
ENSG00000105497.7	51569303	469
ENSG00000114902.13	52702954	20
ENSG00000114902.13	52702954	20
ENSG00000162383.11	53144632	1133
ENSG00000162383.11	53144632	1133
ENSG00000174332.5	53740106	1060
ENSG00000174332.5	53740106	1060
ENSG00000157445.14	54121478	142
ENSG00000197045.12	54485768	2403
ENSG00000197045.12	54490658	1367
ENSG00000189013.14	54801534	5
ENSG00000116133.11	54889176	735
ENSG00000113088.5	55022252	263
ENSG00000132434.9	55426055	2801
ENSG00000187902.11	55444337	820
ENSG00000135437.9	55718488	276
ENSG00000122870.11	58618848	575
ENSG00000242689.2	58620672	397
ENSG00000128923.10	58769361	3705
ENSG00000128923.10	58769361	3705
ENSG00000163689.18	58833725	19451
ENSG00000163689.18	58833725	19451
ENSG00000163689.18	58833725	19451
ENSG00000163689.18	58833725	17561
ENSG00000139263.11	58884886	172
ENSG00000139263.11	58884886	172
ENSG00000087460.23	58895439	1214
ENSG00000166840.13	58903397	4
ENSG00000074657.13	58932231	635
ENSG00000074657.13	58962116	2313
ENSG00000074657.13	58962116	2313
ENSG00000074657.13	58962116	2313
ENSG00000157450.15	58985654	3122
ENSG00000108395.13	59014407	1174
ENSG00000108395.13	59017617	2612
ENSG00000163689.18	59052084	42
ENSG00000068489.12	59153498	2682
ENSG00000068489.12	59153498	2682
ENSG00000197629.5	59214951	316
ENSG00000197629.5	59214951	99
ENSG00000108423.14	59893003	703
ENSG00000110079.16	60278540	3754
ENSG00000151150.20	60574663	1540
ENSG00000101188.4	62706836	240
ENSG00000101188.4	62706836	240
ENSG00000101188.4	62706836	240
ENSG00000101203.16	63317085	309
ENSG00000184743.12	63673921	434
ENSG00000158966.13	64468791	935
ENSG00000158966.13	64468791	935
ENSG00000068831.18	64744937	707
ENSG00000140937.13	65000629	1898
ENSG00000140937.13	65000629	1898
ENSG00000156076.9	65068659	2212
ENSG00000156076.9	65068659	2212
ENSG00000156076.9	65068659	2212
ENSG00000156076.9	65068659	2212
ENSG00000147996.16	65688966	1221
ENSG00000137764.19	67561299	415
ENSG00000054690.13	67569787	2839
ENSG00000081181.7	67617979	688
ENSG00000167799.9	67631921	275
ENSG00000182185.18	68385136	842
ENSG00000107625.12	68917853	1511
ENSG00000138604.9	69258695	91
ENSG00000112305.14	70666529	69
ENSG00000112305.14	70666529	69
ENSG00000137831.14	70686303	1101
ENSG00000137831.14	70686303	1101
ENSG00000083312.17	72846169	178
ENSG00000083312.17	72846384	168
ENSG00000166348.17	73593342	81
ENSG00000166348.17	73593342	81
ENSG00000103740.9	78236707	895
ENSG00000164309.14	79736141	9852
ENSG00000141562.17	82466498	1847
ENSG00000083097.14	83151391	171
ENSG00000137500.9	83269472	2946
ENSG00000203877.8	83851265	354
ENSG00000183035.12	83859145	1325
ENSG00000183035.12	83859145	1325
ENSG00000183035.12	83859145	1325
ENSG00000148604.13	84253169	706
ENSG00000150672.16	84275188	2699
ENSG00000163541.11	84428936	1305
ENSG00000163541.11	84434836	995
ENSG00000176371.13	84620927	372
ENSG00000176371.13	84620927	372
ENSG00000112837.16	84765355	2693
ENSG00000150672.16	85135123	2512
ENSG00000142867.12	85279090	4474
ENSG00000152284.4	85301392	3693
ENSG00000152284.4	85301392	3693
ENSG00000152284.4	85301392	6752
ENSG00000131149.17	85611351	600
ENSG00000150672.16	85629270	496
ENSG00000150672.16	85629270	496
ENSG00000150672.16	85629270	496
ENSG00000153563.15	86792825	58
ENSG00000153563.15	86792825	58
ENSG00000083937.8	87225308	1009
ENSG00000170502.12	87439870	9406
ENSG00000029559.6	87797580	8428
ENSG00000075303.12	87845864	6536
ENSG00000127954.12	88308891	3075
ENSG00000100433.15	88328907	1217
ENSG00000213516.9	88994960	3803
ENSG00000157224.15	90381720	137
ENSG00000157224.15	90403580	425
ENSG00000164199.15	90852059	1111
ENSG00000164199.15	90852059	1111
ENSG00000164199.15	90852059	1111
ENSG00000133962.7	91594552	24968
ENSG00000133962.7	91594552	24968
ENSG00000066455.12	92807383	2682
ENSG00000173575.18	92995301	5
ENSG00000173575.18	92995301	5
ENSG00000170099.5	94325394	201
ENSG00000170099.5	94325394	201
ENSG00000197249.12	94385246	1153
ENSG00000197249.12	94385246	465
ENSG00000164692.17	94417452	29
ENSG00000134627.11	94565307	2343
ENSG00000156162.16	94737519	2509
ENSG00000133937.4	94772230	4
ENSG00000175471.19	94786897	3557
ENSG00000164938.13	94951366	1325
ENSG00000095380.10	98054738	1144
ENSG00000095380.10	98054738	1144
ENSG00000095380.10	98054738	1144
ENSG00000152767.15	98338688	2351
ENSG00000152767.15	98338688	2351
ENSG00000152767.15	98338688	2351
ENSG00000162688.15	99848974	574
ENSG00000167011.8	101182215	397
ENSG00000163162.8	101288503	11
ENSG00000140479.16	101445663	440
ENSG00000186051.6	105660456	3801
ENSG00000186051.6	105660456	3801
ENSG00000105851.10	106880163	752
ENSG00000147234.10	107524645	4992
ENSG00000080546.13	109096819	3135
ENSG00000080546.13	109096819	3135
ENSG00000134222.16	109283679	6207
ENSG00000101888.11	109533780	1418
ENSG00000101888.11	109533780	885
ENSG00000147642.16	109645426	2251
ENSG00000147642.16	109645426	2251
ENSG00000157654.17	109778308	1396
ENSG00000112367.10	109784005	710
ENSG00000180245.4	109825993	2144
ENSG00000112893.9	109852921	579
ENSG00000139437.17	109931043	128
ENSG00000139436.20	109945021	3012
ENSG00000139436.20	109945021	3012
ENSG00000116396.13	110210147	265
ENSG00000116396.13	110210147	265
ENSG00000134248.13	110409942	2518
ENSG00000204856.11	110466363	1992
ENSG00000134871.17	110475922	1080
ENSG00000134871.17	110475922	1080
ENSG00000204856.11	110484890	2859
ENSG00000134871.17	110505443	2334
ENSG00000134871.17	110505443	2334
ENSG00000134871.17	110505443	2334
ENSG00000198121.13	111040458	4744
ENSG00000102606.17	111112558	2301
ENSG00000009413.15	111369358	23
ENSG00000009413.15	111369358	23
ENSG00000009413.15	111407632	1354
ENSG00000009413.15	111407632	1354
ENSG00000171385.9	111991155	272
ENSG00000171385.9	111991155	272
ENSG00000171385.9	111991155	272
ENSG00000197142.10	112372017	2324
ENSG00000143079.14	112394180	3303
ENSG00000143079.14	112394180	0
ENSG00000146802.12	112792592	11656
ENSG00000089169.14	112881358	354
ENSG00000089169.14	112881358	354
ENSG00000089127.12	112905037	10
ENSG00000089127.12	112905051	430
ENSG00000089127.12	112905051	430
ENSG00000172795.15	112999125	316
ENSG00000172795.15	112999125	316
ENSG00000148737.15	113141919	1290
ENSG00000148737.15	113141919	1290
ENSG00000148737.15	113141919	1290
ENSG00000144857.14	113210194	34
ENSG00000144857.14	113210194	34
ENSG00000186815.12	113219049	2310
ENSG00000149294.16	113253949	1454
ENSG00000149294.16	113253949	1454
ENSG00000166736.11	113979035	162
ENSG00000249853.7	114345045	1477
ENSG00000181722.15	115102292	3291
ENSG00000181722.15	115102292	3291
ENSG00000173077.14	115139817	941
ENSG00000104447.11	115811673	564
ENSG00000104447.11	115811673	564
ENSG00000123500.9	116128133	10803
ENSG00000182752.9	116151803	67
ENSG00000182752.9	116151803	67
ENSG00000182645.5	116322427	10067
ENSG00000203837.4	116425866	7614
ENSG00000203837.4	116425866	7614
ENSG00000092421.16	116482279	1824
ENSG00000164754.12	116854251	549
ENSG00000135116.9	116881617	283
ENSG00000116830.11	117058361	1037
ENSG00000160613.12	117232240	395
ENSG00000164465.18	117536774	1696
ENSG00000001626.14	117557637	4990
ENSG00000001626.14	117557637	4990
ENSG00000282218.1	117575571	4699
ENSG00000282218.1	117575571	4699
ENSG00000183508.4	117603933	12661
ENSG00000001626.14	117650842	18545
ENSG00000077063.10	117760112	1198
ENSG00000137726.16	117846107	11411
ENSG00000151929.9	119649369	1537
ENSG00000137709.9	120234639	1808
ENSG00000137709.9	120234639	1808
ENSG00000125355.15	120287991	1250
ENSG00000125355.15	120287991	1250
ENSG00000125355.15	120287991	1250
ENSG00000163428.3	120351339	3216
ENSG00000163428.3	120351339	3216
ENSG00000022840.15	120558725	684
ENSG00000022840.15	120558725	684
ENSG00000022840.15	120558725	684
ENSG00000232119.7	120608886	280
ENSG00000230594.3	120973208	446
ENSG00000230594.3	120973208	446
ENSG00000109927.9	121099172	2006
ENSG00000109927.9	121099172	2006
ENSG00000109927.9	121099172	2006
ENSG00000146350.13	121117316	198
ENSG00000066468.20	121520829	1816
ENSG00000066468.20	121520829	1816
ENSG00000066468.20	121520829	1816
ENSG00000198420.9	143884905	45
ENSG00000198420.9	143884905	45
ENSG00000198420.9	143904198	193
ENSG00000198420.9	143904198	193
ENSG00000118495.18	144010823	1386
ENSG00000178814.15	144065832	183
ENSG00000106410.14	144412227	305
ENSG00000106410.14	144412227	262
ENSG00000147799.11	144547664	1420
ENSG00000147799.11	144547664	1420
ENSG00000147799.11	144547664	1420
ENSG00000203923.4	145244827	35782
ENSG00000203923.4	145244827	36192
ENSG00000203923.4	145244827	36192
ENSG00000162825.16	145407778	17495
ENSG00000162825.16	145407778	17495
ENSG00000170365.9	145479193	13818
ENSG00000170365.9	145479193	13818
ENSG00000170365.9	145479193	13818
ENSG00000272031.2	145966582	12722
ENSG00000265972.5	145998600	8477
ENSG00000156463.17	146041029	5537
ENSG00000156463.17	146041029	3604
ENSG00000156463.17	146041029	3604
ENSG00000156463.17	146041029	3604
ENSG00000156463.17	146041029	3604
ENSG00000156463.17	146053821	1975
ENSG00000156463.17	146053821	1975
ENSG00000091009.7	146259382	38339
ENSG00000091009.7	146259382	38339
ENSG00000091009.7	146259382	38339
ENSG00000270339.2	146346790	29534
ENSG00000270339.2	146346790	29940
ENSG00000270339.2	146346790	29940
ENSG00000270339.2	146346790	40178
ENSG00000270339.2	146346790	40178
ENSG00000152977.9	147505940	10925
ENSG00000164169.12	147686230	13819
ENSG00000164169.12	147686230	13819
ENSG00000174469.17	148042591	4242
ENSG00000174469.17	148042591	4242
ENSG00000174469.17	148042591	4242
ENSG00000174469.17	148042591	4242
ENSG00000111961.16	148522412	292
ENSG00000111961.16	148522412	292
ENSG00000111961.16	148522412	292
ENSG00000164270.17	148679235	574
ENSG00000111962.7	148745327	3201
ENSG00000135999.11	148751894	2545
ENSG00000173210.19	149231252	2595
ENSG00000173210.19	149231252	2595
ENSG00000204946.9	149276137	9347
ENSG00000271383.6	149388622	1662
ENSG00000269556.7	149633912	2430
ENSG00000269556.7	149633912	2430
ENSG00000264522.5	150012676	4724
ENSG00000143401.14	150228730	15229
ENSG00000179144.4	150512829	2340
ENSG00000133574.9	150565276	4291
ENSG00000133574.9	150565276	4291
ENSG00000133574.9	150565276	3309
ENSG00000171100.14	150566638	1525
ENSG00000143418.19	150977004	344
ENSG00000197043.13	151130371	910
ENSG00000183091.19	151735156	87
ENSG00000143365.16	151833872	1272
ENSG00000143365.16	151833872	2642
ENSG00000143365.16	151833872	3008
ENSG00000102287.16	151972552	94
ENSG00000102287.16	151972552	447
ENSG00000055609.17	152438005	2938
ENSG00000244094.1	153115515	4030
ENSG00000244094.1	153115515	4030
ENSG00000244094.1	153115515	7380
ENSG00000244094.1	153115515	7380
ENSG00000109654.14	153220944	10353
ENSG00000067842.17	153515675	93
ENSG00000067842.17	153515675	93
ENSG00000067842.17	153534121	929
ENSG00000155511.17	153571227	1326
ENSG00000155511.17	153571227	1326
ENSG00000130829.17	153645195	4724
ENSG00000130829.17	153645195	4724
ENSG00000184343.10	153782703	635
ENSG00000184343.10	153782703	635
ENSG00000067829.18	153789553	556
ENSG00000143545.8	153987362	591
ENSG00000196924.14	154352355	23
ENSG00000196924.14	154352355	23
ENSG00000196924.14	154352355	23
ENSG00000196924.14	154352355	23
ENSG00000196924.14	154352355	23
ENSG00000130226.16	154881567	3011
ENSG00000160685.13	155000725	11
ENSG00000160685.13	155000725	11
ENSG00000160685.13	155000844	793
ENSG00000160685.13	155000844	793
ENSG00000160685.13	155000844	793
ENSG00000169242.11	155125875	2
ENSG00000185499.16	155194867	451
ENSG00000185499.16	155194867	451
ENSG00000155959.10	155225143	2224
ENSG00000184863.10	155642701	5674
ENSG00000184863.10	155744585	820
ENSG00000184863.10	155744585	820
ENSG00000173080.5	155939709	821
ENSG00000173080.5	155939709	821
ENSG00000196189.12	156145374	623
ENSG00000169282.17	156453992	8145
ENSG00000169282.17	156455477	994
ENSG00000169282.17	156455477	994
ENSG00000169282.17	156455477	994
ENSG00000169282.17	156455477	994
ENSG00000116604.17	156502828	564
ENSG00000279646.1	156662435	2444
ENSG00000279646.1	156662435	1092
ENSG00000105983.19	156684093	5450
ENSG00000187800.13	156891730	617
ENSG00000132694.18	157047073	1559
ENSG00000132694.18	157047073	1559
ENSG00000132694.18	157047073	1559
ENSG00000163660.11	157155106	208
ENSG00000163660.11	157155106	208
ENSG00000113263.12	157239590	862
ENSG00000113263.12	157239590	862
ENSG00000007001.12	158124425	624
ENSG00000122335.13	158161298	11645
ENSG00000158473.6	158177946	286
ENSG00000145860.11	159163360	2283
ENSG00000158714.10	159824749	7118
ENSG00000054219.10	159906749	3640
ENSG00000170214.3	159914782	1457
ENSG00000162723.9	159956254	4441
ENSG00000162739.13	160525262	13625
ENSG00000162739.13	160525262	13625
ENSG00000066294.14	160553410	13186
ENSG00000122224.17	160794073	12992
ENSG00000122224.17	160794073	12992
ENSG00000122224.17	160794073	12992
ENSG00000122224.17	160794073	12992
ENSG00000122224.17	160794073	12992
ENSG00000179914.4	160887170	17653
ENSG00000179914.4	160887170	17653
ENSG00000179914.4	160887170	24275
ENSG00000179914.4	160887170	24275
ENSG00000085511.19	160989813	9
ENSG00000143257.11	161240302	4625
ENSG00000115233.11	161379359	10284
ENSG00000115233.11	161379359	10284
ENSG00000115233.11	161379359	10284
ENSG00000115233.11	161405527	6415
ENSG00000115233.11	161405527	6415
ENSG00000115233.11	161405527	6415
ENSG00000144290.16	161425452	28360
ENSG00000144290.16	161425452	28360
ENSG00000144290.16	161425452	28360
ENSG00000182447.4	161494807	32957
ENSG00000182447.4	161494807	25838
ENSG00000182447.4	161494807	25838
ENSG00000182447.4	161494807	25838
ENSG00000182447.4	161494807	25838
ENSG00000173110.7	161522539	8187
ENSG00000173110.7	161522539	8187
ENSG00000144290.16	161622334	10026
ENSG00000185860.13	162870815	3202
ENSG00000185860.13	162870815	34717
ENSG00000185860.13	162870815	34717
ENSG00000145416.13	163615534	55871
ENSG00000145416.13	163615534	55871
ENSG00000178662.15	165572108	25850
ENSG00000178662.15	165572108	25850
ENSG00000143198.12	165628860	12551
ENSG00000123607.14	165909720	5726
ENSG00000123607.14	165909720	5726
ENSG00000123607.14	165909720	5726
ENSG00000213066.11	167022789	20955
ENSG00000213066.11	167022789	20955
ENSG00000213066.11	167022789	20955
ENSG00000197965.11	167719191	4956
ENSG00000197965.11	167719191	4956
ENSG00000197965.11	167719191	4956
ENSG00000163536.12	167798045	1012
ENSG00000163536.12	167805237	1883
ENSG00000143199.17	167916089	480
ENSG00000143147.14	168139667	6247
ENSG00000181381.13	168363439	20740
ENSG00000129116.17	168629616	2070
ENSG00000184347.14	168698311	5133
ENSG00000184347.14	168698311	5133
ENSG00000129116.17	168830040	4299
ENSG00000184347.14	168846832	1659
ENSG00000163072.14	168857108	10897
ENSG00000163072.14	168857108	10897
ENSG00000152254.10	168900948	6141
ENSG00000129116.17	168919574	855
ENSG00000143153.12	169103696	249
ENSG00000181163.13	171398785	1824
ENSG00000114346.13	172748681	2516
ENSG00000114346.13	172748681	2516
ENSG00000113719.15	172931661	2220
ENSG00000113719.15	172931661	2220
ENSG00000113732.8	172981756	5688
ENSG00000113732.8	172981756	5688
ENSG00000113734.17	173142441	19410
ENSG00000113734.17	173142441	19410
ENSG00000113734.17	173142441	19410
ENSG00000164106.7	173408380	21137
ENSG00000164106.7	173408380	21564
ENSG00000117592.8	173475265	23267
ENSG00000117601.13	173919378	5968
ENSG00000120333.4	175025425	3924
ENSG00000120333.4	175025425	3924
ENSG00000128655.16	177677552	26629
ENSG00000128655.16	177890776	8153
ENSG00000204677.10	178028535	3302
ENSG00000204677.10	178028535	8985
ENSG00000204677.10	178028535	8985
ENSG00000234284.6	179021751	4764
ENSG00000144331.18	179586069	123
ENSG00000144331.18	179586069	123
ENSG00000197226.12	179909859	21081
ENSG00000114416.17	180955526	1646
ENSG00000114416.17	180955526	1646
ENSG00000162783.10	181086711	18278
ENSG00000185372.2	181127304	14872
ENSG00000182613.1	181152942	10431
ENSG00000182613.1	181152942	39
ENSG00000150722.10	182028882	315
ENSG00000150722.10	182028882	315
ENSG00000150722.10	182101600	16611
ENSG00000150722.10	182101600	192
ENSG00000150722.10	182101600	19001
ENSG00000218336.7	182142689	1326
ENSG00000218336.7	182142689	1326
ENSG00000218336.7	182142689	1326
ENSG00000218336.7	182142689	3700
ENSG00000218336.7	182142689	40897
ENSG00000218336.7	182241428	40995
ENSG00000218336.7	182241428	23404
ENSG00000115252.18	182244063	45907
ENSG00000115252.18	182244063	45907
ENSG00000143333.6	182606408	8370
ENSG00000143333.6	182606408	8370
ENSG00000061676.14	182959044	3527
ENSG00000078081.7	183164015	4025
ENSG00000116698.20	183470215	43
ENSG00000164306.10	184647612	14825
ENSG00000164305.17	184651509	12267
ENSG00000151726.13	184775873	2348
ENSG00000163898.9	185535660	854
ENSG00000154556.17	185591835	2336
ENSG00000154556.17	185591835	2336
ENSG00000154556.17	185591835	2336
ENSG00000073792.15	185651523	5269
ENSG00000154556.17	185654688	60
ENSG00000114279.13	192411049	74685
ENSG00000114279.13	192411049	78718
ENSG00000090104.11	192573726	42624
ENSG00000114279.13	192729500	38678
ENSG00000180611.6	192920161	15734
ENSG00000187527.10	193380820	25681
ENSG00000065413.16	197200038	824
ENSG00000065413.16	197200038	824
ENSG00000081237.18	198710789	226556
ENSG00000119042.16	199331035	88904
ENSG00000119042.16	199331035	58417
ENSG00000196141.12	200303880	7568
ENSG00000196141.12	200467913	15573
ENSG00000163535.17	200533140	2510
ENSG00000003400.14	201185679	914
ENSG00000064012.21	201270637	4456
ENSG00000115993.11	201435554	175
ENSG00000115993.11	201435554	175
ENSG00000115993.11	201453611	7381
ENSG00000174307.6	201468657	6917
ENSG00000082146.12	201477141	3274
ENSG00000082146.12	201477141	3274
ENSG00000082146.12	201477141	4596
ENSG00000082146.12	201477141	4596
ENSG00000082146.12	201477141	4596
ENSG00000155754.14	201513827	865
ENSG00000155754.14	201513827	24786
ENSG00000155754.14	201513827	45685
ENSG00000134369.15	201620884	23277
ENSG00000163435.15	202011777	5947
ENSG00000163435.15	202011777	5947
ENSG00000163435.15	202011777	5947
ENSG00000163435.15	202011777	5947
ENSG00000155760.2	202032586	9542
ENSG00000155760.2	202032586	1914
ENSG00000155760.2	202032586	13600
ENSG00000155760.2	202032586	16613
ENSG00000182329.10	202071254	14623
ENSG00000182329.10	202071254	14623
ENSG00000182329.10	202071288	4741
ENSG00000182329.10	202098434	13252
ENSG00000182329.10	202098434	7433
ENSG00000182329.10	202098434	7858
ENSG00000182329.10	202098434	8550
ENSG00000182329.10	202098434	8550
ENSG00000182329.10	202098434	9893
ENSG00000170075.8	202120857	7969
ENSG00000170075.8	202120857	7969
ENSG00000170075.8	202120857	1892
ENSG00000117139.16	202810418	118
ENSG00000163596.16	202871597	10816
ENSG00000163596.16	202871597	10816
ENSG00000159388.5	203303490	13192
ENSG00000138443.15	203326218	9699
ENSG00000138443.15	203326218	5203
ENSG00000138443.15	203326483	569
ENSG00000138443.15	203326483	569
ENSG00000138443.15	203326483	569
ENSG00000173166.17	203537410	528
ENSG00000173166.17	203537410	20926
ENSG00000158615.8	204413791	15412
ENSG00000158615.8	204413791	3348
ENSG00000158615.8	204413791	3348
ENSG00000158615.8	204413791	3348
ENSG00000198625.12	204514378	7472
ENSG00000198625.12	204514378	7472
ENSG00000170382.11	204687733	38734
ENSG00000117222.13	205124015	17489
ENSG00000133069.14	205227731	11
ENSG00000116117.17	205291491	17974
ENSG00000162873.14	205341861	6216
ENSG00000162873.14	205359090	11744
ENSG00000116117.17	205480589	3120
ENSG00000116117.17	205480589	3120
ENSG00000117266.15	205528312	8400
ENSG00000117266.15	205528312	14934
ENSG00000117266.15	205528312	14934
ENSG00000117266.15	205528312	14934
ENSG00000117266.15	205528312	14934
ENSG00000174514.12	205566884	1130
ENSG00000174502.18	205945460	1590
ENSG00000263961.6	206035230	4501
ENSG00000023228.13	206161603	5838
ENSG00000023228.13	206161603	5838
ENSG00000266094.6	206505529	4385
ENSG00000266094.6	206505529	4385
ENSG00000123836.14	207032365	22860
ENSG00000123836.14	207032365	22321
ENSG00000118263.14	207169267	35843
ENSG00000196352.14	207319507	14799
ENSG00000163251.3	207771563	34292
ENSG00000163251.3	207771563	40410
ENSG00000163251.3	207771563	40410
ENSG00000163251.3	207771563	51124
ENSG00000163251.3	207771563	52258
ENSG00000163251.3	207771563	54155
ENSG00000163251.3	207771563	54155
ENSG00000163251.3	207771563	54998
ENSG00000163251.3	207771563	57062
ENSG00000174059.16	207892492	54176
ENSG00000174059.16	207892492	44277
ENSG00000174059.16	207892492	23764
ENSG00000174059.16	207892492	23764
ENSG00000174059.16	207913402	24667
ENSG00000178385.13	207979450	15949
ENSG00000178385.13	207979450	15949
ENSG00000178385.13	207979450	18420
ENSG00000076356.6	208246301	1028
ENSG00000115020.16	208296640	2067
ENSG00000078018.19	209422057	67686
ENSG00000078018.19	209577314	11193
ENSG00000196878.12	209653334	334
ENSG00000009790.14	209754031	6403
ENSG00000115361.7	210218719	3543
ENSG00000082497.11	210235977	15294
ENSG00000082497.11	210235977	15294
ENSG00000082497.11	210235977	16615
ENSG00000168530.15	210305615	13267
ENSG00000168530.15	210305615	13267
ENSG00000168530.15	210305629	5517
ENSG00000082512.14	211366928	15670
ENSG00000082512.14	211366928	15670
ENSG00000198570.5	211494031	24086
ENSG00000198570.5	211494917	19130
ENSG00000198570.5	211494917	20287
ENSG00000170385.9	211580742	32638
ENSG00000178568.13	211667354	23814
ENSG00000178568.13	211667354	12225
ENSG00000178568.13	212126915	5141
ENSG00000178568.13	212127181	11250
ENSG00000178568.13	212127181	20144
ENSG00000066027.11	212283536	54964
ENSG00000066027.11	212283536	54964
ENSG00000066027.11	212283536	48840
ENSG00000066027.11	212283536	44888
ENSG00000066027.11	212283536	44888
ENSG00000066027.11	212283536	22056
ENSG00000178568.13	212431247	38752
ENSG00000178568.13	212431247	45953
ENSG00000178568.13	212431247	54572
ENSG00000178568.13	212431247	54572
ENSG00000178568.13	212431247	54572
ENSG00000162772.16	212563333	5037
ENSG00000162772.16	212563333	5037
ENSG00000162771.7	212622473	7613
ENSG00000123685.8	212689509	24218
ENSG00000123685.8	212689509	24218
ENSG00000143499.13	214279101	17542
ENSG00000082482.13	215003774	77912
ENSG00000136636.12	215565391	22207
ENSG00000118873.15	220274454	61225
ENSG00000116141.15	220526182	38916
ENSG00000162817.6	220687844	17885
ENSG00000117791.15	220746224	13175
ENSG00000143507.17	221744089	1453
ENSG00000143507.17	221744089	1453
ENSG00000143507.17	221744176	95710
ENSG00000143507.17	221744176	142900
ENSG00000163082.9	222422516	42792
ENSG00000163082.9	222422516	42792
ENSG00000123983.13	222858933	44393
ENSG00000123983.13	222858933	44393
ENSG00000152049.6	223050199	31049
ENSG00000143502.14	223231450	34741
ENSG00000162909.17	223699644	1327
ENSG00000162909.17	223699644	1327
ENSG00000162909.17	223768622	7421
ENSG00000135919.12	223987068	5405
ENSG00000143753.12	224188135	23051
ENSG00000143748.17	224235289	15504
ENSG00000143815.14	225430925	13788
ENSG00000154380.17	225655142	39018
ENSG00000143742.12	225775812	40390
ENSG00000143742.12	225775812	29138
ENSG00000143742.12	225775812	3459
ENSG00000163041.9	226061976	21012
ENSG00000163041.9	226061976	21012
ENSG00000163041.9	226061976	21012
ENSG00000163041.9	226061976	21012
ENSG00000163041.9	226061976	47605
ENSG00000163041.9	226061976	47605
ENSG00000163041.9	226061976	47605
ENSG00000163041.9	226061976	47605
ENSG00000163041.9	226061976	47605
ENSG00000182827.8	226163632	42092
ENSG00000182827.8	226163632	42092
ENSG00000182827.8	226163632	35927
ENSG00000182827.8	226188730	8300
ENSG00000203685.9	226546799	13503
ENSG00000144468.16	226833580	12255
ENSG00000144468.16	226833580	5595
ENSG00000168958.19	227323220	14
ENSG00000168958.19	227353297	3950
ENSG00000168958.19	227353297	3950
ENSG00000168958.19	227353297	3950
ENSG00000168958.19	227353297	3950
ENSG00000173744.17	227470151	38226
ENSG00000173744.17	227534954	7136
ENSG00000173744.17	227534954	7136
ENSG00000115009.11	227811841	23947
ENSG00000115009.11	227811841	23947
ENSG00000115009.11	227811841	23947
ENSG00000168159.10	228486221	14776
ENSG00000168159.10	228486221	14776
ENSG00000116574.5	228733076	11667
ENSG00000116574.5	228733076	49732
ENSG00000116574.5	228733076	97058
ENSG00000116574.5	228733076	104764
ENSG00000116574.5	228733076	104764
ENSG00000116574.5	228733076	104764
ENSG00000116574.5	228733076	127787
ENSG00000116574.5	228733076	127787
ENSG00000116574.5	228733076	169808
ENSG00000116574.5	228733076	169808
ENSG00000153823.18	229234085	163892
ENSG00000153823.18	229234085	116314
ENSG00000153823.18	229234085	116314
ENSG00000153823.18	229234085	26083
ENSG00000153823.18	229234085	12834
ENSG00000153823.18	229234085	12834
ENSG00000153823.18	229234085	4873
ENSG00000153823.18	229234085	4873
ENSG00000153823.18	229234085	4873
ENSG00000187957.7	229589177	7111
ENSG00000187957.7	229589177	7111
ENSG00000177614.9	230427729	1902
ENSG00000177614.9	230427729	1902
ENSG00000177614.9	230427729	1902
ENSG00000067066.16	230535641	36572
ENSG00000135932.10	230811982	13075
ENSG00000135932.10	230811982	13075
ENSG00000173692.12	231054863	5452
ENSG00000144535.19	232013851	43998
ENSG00000115468.11	232631227	1510
ENSG00000115468.11	232631227	1510
ENSG00000115468.11	232631227	1510
ENSG00000115468.11	232631227	1510
ENSG00000204120.14	232695298	17041
ENSG00000204120.14	232695298	17041
ENSG00000204120.14	232695298	13018
ENSG00000204120.14	232701420	3208
ENSG00000085982.13	233525252	4668
ENSG00000241119.1	233669852	3603
ENSG00000240224.1	233710991	3821
ENSG00000240224.1	233710991	3821
ENSG00000240224.1	233710991	3821
ENSG00000244474.5	233716777	2093
ENSG00000188042.7	234499053	166
ENSG00000188042.7	234499053	55
ENSG00000188042.7	234499053	24526
ENSG00000168264.10	234610094	10390
ENSG00000168264.10	234610094	10390
ENSG00000168264.10	234610094	9521
ENSG00000168264.10	234610094	24
ENSG00000168264.10	234610094	563
ENSG00000168264.10	234610094	563
ENSG00000168264.10	234610094	563
ENSG00000168264.10	234611525	1083
ENSG00000168264.10	234611525	31646
ENSG00000168264.10	234611525	31646
ENSG00000168264.10	234611525	72747
ENSG00000279261.1	234762056	38413
ENSG00000279261.1	234762056	38413
ENSG00000279261.1	234762056	38413
ENSG00000279261.1	234762056	38413
ENSG00000279261.1	234762056	10852
ENSG00000279261.1	234762056	83285
ENSG00000130147.15	234949972	74319
ENSG00000130147.15	234949972	73684
ENSG00000130147.15	234949972	31949
ENSG00000130147.15	234949972	31949
ENSG00000130147.15	234950075	10570
ENSG00000130147.15	234979633	974
ENSG00000130147.15	234979633	974
ENSG00000130147.15	234992523	5198
ENSG00000130147.15	234992839	4274
ENSG00000130147.15	234992839	19018
ENSG00000130147.15	234992839	19018
ENSG00000130147.15	234992839	54887
ENSG00000130147.15	234992839	54887
ENSG00000130147.15	234992839	54887
ENSG00000173726.10	235121899	59443
ENSG00000173726.10	235121899	54372
ENSG00000173726.10	235121899	48496
ENSG00000173726.10	235121899	48496
ENSG00000173726.10	235121899	48496
ENSG00000173726.10	235121899	42385
ENSG00000173726.10	235121899	38186
ENSG00000173726.10	235121899	17646
ENSG00000143669.13	235885640	8294
ENSG00000157985.18	235906841	1887
ENSG00000157985.18	235906841	10549
ENSG00000157985.18	235906841	64764
ENSG00000086619.13	236283985	8532
ENSG00000132321.16	236334056	847
ENSG00000132321.16	236505697	1581
ENSG00000244020.2	237006418	6346
ENSG00000244020.2	237006418	6346
ENSG00000068024.16	239193056	19749
ENSG00000068024.16	239311212	4442
ENSG00000133019.11	239384564	30981
ENSG00000006607.13	241432229	8492
ENSG00000006607.13	241432229	8492
ENSG00000006607.13	241432229	8492
ENSG00000006607.13	241432229	8492
ENSG00000179456.10	244046938	737
ENSG00000179456.10	244046938	737
ENSG00000179456.10	244046938	737
ENSG00000173728.10	244350634	77551
ENSG00000173728.10	244350634	51202
ENSG00000143653.9	246722046	32440
ENSG00000143653.9	246722046	32440
ENSG00000143653.9	246722046	22944
ENSG00000143653.9	246722046	12199
ENSG00000188295.14	247106372	5256
ENSG00000188295.14	247106372	5256
ENSG00000188295.14	247106372	5256
ENSG00000196418.12	247174016	36230
ENSG00000196418.12	247174016	36230
ENSG00000162714.12	247315852	47170
ENSG00000177476.3	247603585	35727
ENSG00000177476.3	247603585	35727
ENSG00000177151.3	248641258	4621
ENSG00000171163.15	248861144	1771
ENSG00000171163.15	248861144	1771
ENSG00000171163.15	248861144	12326
ENSG00000171163.15	248861144	12326
ENSG00000177042.14	693642	11
ENSG00000145214.13	969175	1080
ENSG00000064218.4	974963	963
ENSG00000073067.13	984413	2
ENSG00000124588.19	2985986	234
ENSG00000198171.12	3197314	54
ENSG00000130762.14	3466543	890
ENSG00000130762.14	3466543	890
ENSG00000130038.9	3755097	266
ENSG00000130038.9	3755097	266
ENSG00000148985.19	3809266	807
ENSG00000148985.19	3809266	2219
ENSG00000167323.9	3852526	452
ENSG00000146555.18	4127684	73
ENSG00000146555.18	4127684	73
ENSG00000102858.12	4662415	376
ENSG00000102858.12	4662415	376
ENSG00000102858.12	4662415	376
ENSG00000106993.11	4677565	74
ENSG00000106993.11	4677565	74
ENSG00000153046.17	4704158	71
ENSG00000140632.16	4849342	281
ENSG00000089057.14	4901647	926
ENSG00000275464.3	5139939	2268
ENSG00000275464.3	5146724	285
ENSG00000275464.3	5146724	285
ENSG00000275464.3	5146724	285
ENSG00000275464.3	5146724	285
ENSG00000275464.3	5146724	285
ENSG00000105426.14	5294787	3069
ENSG00000105426.14	5294787	3069
ENSG00000082397.16	5468363	1967
ENSG00000072849.10	5488276	25
ENSG00000091592.15	5503145	342
ENSG00000082397.16	5546310	559
ENSG00000130254.11	5612235	1539
ENSG00000258659.6	5622982	85
ENSG00000110148.9	6257735	2260
ENSG00000008256.15	6274644	462
ENSG00000130382.8	6281948	2434
ENSG00000097021.19	6297504	295
ENSG00000154655.14	6313625	950
ENSG00000154655.14	6313625	950
ENSG00000111319.12	6365625	246
ENSG00000136238.17	6399617	1962
ENSG00000136238.17	6399617	1962
ENSG00000166394.14	7671317	1122
ENSG00000166394.14	7671317	1122
ENSG00000231887.6	10886255	1019
ENSG00000212128.2	10911562	141
ENSG00000189067.12	11638381	1799
ENSG00000189067.12	11638381	1799
ENSG00000116670.14	11683214	1507
ENSG00000116670.14	11683214	1507
ENSG00000144560.13	11712537	3222
ENSG00000144560.13	11712537	3222
ENSG00000170242.17	11878185	2406
ENSG00000257446.3	12054939	1540
ENSG00000070018.8	12268769	4510
ENSG00000070018.8	12268769	4510
ENSG00000188868.13	12335492	1839
ENSG00000188868.13	12335492	1839
ENSG00000157869.14	13383594	814
ENSG00000157869.14	13383594	814
ENSG00000157869.14	13383594	814
ENSG00000204478.9	13408449	7857
ENSG00000142627.12	16158087	1396
ENSG00000142627.12	16158087	1396
ENSG00000269095.1	17257448	288
ENSG00000249581.2	17513164	737
ENSG00000047634.14	17735448	296
ENSG00000154654.14	21278575	214
ENSG00000168490.13	22229693	659
ENSG00000168490.13	22229693	659
ENSG00000091664.7	22340976	640
ENSG00000091664.7	22340976	640
ENSG00000091664.7	22340976	640
ENSG00000091664.7	22340976	640
ENSG00000154162.13	22855341	6183
ENSG00000154162.13	22855341	6183
ENSG00000100813.14	23064770	809
ENSG00000167232.13	23397560	2081
ENSG00000167232.13	23397560	2081
ENSG00000122257.18	24552476	132
ENSG00000107863.16	24724034	322
ENSG00000107863.16	24724034	322
ENSG00000140750.16	24961981	904
ENSG00000181982.18	24982148	1004
ENSG00000100987.14	25079999	918
ENSG00000100987.14	25079999	922
ENSG00000157884.10	26607563	4623
ENSG00000157884.10	26607563	4623
ENSG00000179796.11	26621699	68
ENSG00000179796.11	26621699	68
ENSG00000179796.11	26621699	68
ENSG00000107897.18	27242879	101
ENSG00000122026.10	27252943	483
ENSG00000186501.14	27320144	404
ENSG00000186501.14	27320144	404
ENSG00000214050.7	28465665	1920
ENSG00000163806.15	28838357	593
ENSG00000213658.10	28984211	193
ENSG00000254206.5	29406029	3242
ENSG00000254206.5	29406029	3242
ENSG00000254206.5	29406029	3242
ENSG00000254206.5	29406029	3242
ENSG00000133687.15	29785046	671
ENSG00000180035.10	30393111	637
ENSG00000176390.11	30786413	2472
ENSG00000176390.11	30786413	1248
ENSG00000125968.8	31603282	90
ENSG00000084636.17	31699010	1709
ENSG00000084636.17	31699010	1709
ENSG00000084636.17	31699010	1709
ENSG00000084636.17	31699010	1709
ENSG00000204410.14	31759211	63
ENSG00000204410.14	31759211	63
ENSG00000204410.14	31759922	191
ENSG00000204410.14	31759922	191
ENSG00000131044.16	31935469	1500
ENSG00000128245.14	31942965	77
ENSG00000126858.16	32140453	1083
ENSG00000157168.18	32169381	1859
ENSG00000122507.20	33144328	1166
ENSG00000122507.20	33155637	274
ENSG00000122545.18	35844759	879
ENSG00000271503.5	35882793	1892
ENSG00000105254.11	36114071	845
ENSG00000116885.18	36424181	1320
ENSG00000134775.15	36542550	34
ENSG00000099338.22	38356069	123
ENSG00000099338.22	38356069	123
ENSG00000165046.12	38402412	13
ENSG00000165046.12	38402412	13
ENSG00000165046.12	38402412	13
ENSG00000105429.12	42367630	59
ENSG00000105429.12	42367630	59
ENSG00000183569.17	42552908	212
ENSG00000183569.17	42552908	212
ENSG00000160191.17	42754774	1670
ENSG00000231924.9	42872645	5898
ENSG00000124587.13	42981220	81
ENSG00000159307.18	43322065	720
ENSG00000159307.18	43345388	3129
ENSG00000120658.12	43363365	1282
ENSG00000120658.12	43363365	1282
ENSG00000120658.12	43363365	1282
ENSG00000052841.14	43377257	5
ENSG00000067369.13	43419216	984
ENSG00000067369.13	43419216	984
ENSG00000067369.13	43419216	984
ENSG00000096080.11	43689791	143
ENSG00000152527.13	43690229	132
ENSG00000152527.13	43690229	132
ENSG00000160216.18	43863185	559
ENSG00000160216.18	43863185	559
ENSG00000091947.9	44021442	821
ENSG00000052850.5	44312166	1505
ENSG00000052850.5	44312166	1505
ENSG00000117419.14	44325043	66
ENSG00000173846.12	44802217	268
ENSG00000183255.11	44863933	675
ENSG00000183255.11	44863933	675
ENSG00000136280.15	44997474	1517
ENSG00000136280.15	44997474	1517
ENSG00000152234.15	46106273	3
ENSG00000152234.15	46106273	3
ENSG00000132128.16	46283161	281
ENSG00000182362.13	46284453	24
ENSG00000119729.10	46539805	116
ENSG00000079277.19	46565035	590
ENSG00000167414.4	46636685	1329
ENSG00000139684.13	46786350	71
ENSG00000139684.13	46786350	71
ENSG00000165915.13	47406583	205
ENSG00000165915.13	47406583	205
ENSG00000165915.13	47406583	205
ENSG00000095002.12	47553858	1012
ENSG00000095002.12	47553858	670
ENSG00000095002.12	47553858	670
ENSG00000005175.9	47704816	935
ENSG00000105373.18	47743550	3
ENSG00000211584.13	47776354	409
ENSG00000108439.9	47939505	2783
ENSG00000253729.7	47941950	617
ENSG00000221994.10	48063805	474
ENSG00000182986.12	52881633	2318
ENSG00000182986.12	52881633	2318
ENSG00000170421.12	52951920	2
ENSG00000072501.17	53398378	5005
ENSG00000072501.17	53398378	5005
ENSG00000150275.17	55629942	1106
ENSG00000150275.17	55629942	1106
ENSG00000180891.12	57894688	3608
ENSG00000083812.11	58468917	457
ENSG00000083807.9	58512172	300
ENSG00000074657.13	58962116	5451
ENSG00000108395.13	59108826	47
ENSG00000108395.13	59108826	47
ENSG00000101216.10	63629041	418
ENSG00000101216.10	63629041	418
ENSG00000101216.10	63629041	418
ENSG00000101216.10	63629041	418
ENSG00000197114.11	63707088	200
ENSG00000266173.5	63712800	802
ENSG00000266173.5	63712800	802
ENSG00000196935.8	64040793	438
ENSG00000196935.8	64040793	438
ENSG00000186479.4	64573681	63
ENSG00000186479.4	64573681	63
ENSG00000186479.4	64573681	63
ENSG00000186479.4	64573681	63
ENSG00000072121.15	67763491	64
ENSG00000072121.15	67763491	64
ENSG00000072121.15	67763491	64
ENSG00000072121.15	67763491	64
ENSG00000102901.12	67849458	136
ENSG00000102901.12	67849458	136
ENSG00000102901.12	67849458	136
ENSG00000102901.12	67849458	136
ENSG00000182185.18	67855891	229
ENSG00000115977.18	69511262	3517
ENSG00000172731.13	70384650	2669
ENSG00000172731.13	70384650	2669
ENSG00000075292.18	71377515	471
ENSG00000066933.15	71856412	3856
ENSG00000066933.15	71856412	3856
ENSG00000276644.4	71869192	2033
ENSG00000276644.4	71869192	2033
ENSG00000121749.15	71895846	623
ENSG00000056291.17	72029901	862
ENSG00000079841.18	72248413	35
ENSG00000079841.18	72248413	35
ENSG00000137817.16	72253351	1501
ENSG00000137817.16	72253351	1501
ENSG00000137817.16	72259435	755
ENSG00000137817.16	72259435	755
ENSG00000137817.16	72259435	755
ENSG00000137817.16	72259435	755
ENSG00000113048.16	72290872	6373
ENSG00000113048.16	72290872	6373
ENSG00000156140.8	72314255	1361
ENSG00000049883.14	72318398	1101
ENSG00000049883.14	72333558	1941
ENSG00000049883.14	72333558	1941
ENSG00000186642.15	72676408	168
ENSG00000186642.15	72676408	168
ENSG00000205683.11	72681302	1613
ENSG00000205683.11	72681302	1613
ENSG00000156030.12	73731176	1001
ENSG00000156030.12	73731176	1001
ENSG00000156030.12	73731176	1001
ENSG00000214944.9	73906399	254
ENSG00000214944.9	73906399	254
ENSG00000156050.8	73940094	322
ENSG00000156050.8	73940094	322
ENSG00000156050.8	73940094	322
ENSG00000187726.8	73963235	2645
ENSG00000187726.8	73963235	2645
ENSG00000125450.10	75203658	864
ENSG00000125447.16	75263585	805
ENSG00000125454.11	75291510	3358
ENSG00000125454.11	75291510	3358
ENSG00000113163.15	75402221	45
ENSG00000177885.13	75407709	1298
ENSG00000177885.13	75407709	1298
ENSG00000177885.13	75407709	1298
ENSG00000071246.10	76776005	1113
ENSG00000122420.9	78301883	914
ENSG00000147145.12	78745708	433
ENSG00000149256.14	78964219	824
ENSG00000067715.13	78975521	3004
ENSG00000067715.13	78975521	3004
ENSG00000067715.13	78975521	2358
ENSG00000067715.13	78975521	2358
ENSG00000067715.13	78975521	2358
ENSG00000132837.14	79056240	3005
ENSG00000132837.14	79056240	3626
ENSG00000166377.19	79357395	1262
ENSG00000173894.10	79776193	3228
ENSG00000058272.16	79823118	2644
ENSG00000058272.16	79823118	2644
ENSG00000058272.16	79823118	2644
ENSG00000136371.10	79899379	5095
ENSG00000136371.10	79899379	5095
ENSG00000259332.3	79925754	3709
ENSG00000039319.16	80443260	1477
ENSG00000178217.13	80535901	306
ENSG00000178217.13	80535901	306
ENSG00000178217.13	80535901	306
ENSG00000150672.16	84275188	10527
ENSG00000122417.15	86398342	1515
ENSG00000122417.15	86398342	1515
ENSG00000122417.15	86398342	1515
ENSG00000122417.15	86398342	1515
ENSG00000122417.15	86398342	1515
ENSG00000103248.18	86535800	690
ENSG00000103248.18	86535800	690
ENSG00000170289.12	86581206	4297
ENSG00000163629.12	86592316	45
ENSG00000163629.12	86592316	45
ENSG00000260456.6	87304762	3201
ENSG00000203872.6	87342848	1015
ENSG00000203872.6	87342848	1015
ENSG00000203872.6	87342848	1015
ENSG00000203872.6	87342848	1015
ENSG00000198707.14	88131711	46
ENSG00000164180.13	88253037	9368
ENSG00000164180.13	88253037	9368
ENSG00000172183.14	88637042	3059
ENSG00000172183.14	88637042	3059
ENSG00000155100.10	91068363	9363
ENSG00000100796.17	91512554	15463
ENSG00000100796.17	91512554	15463
ENSG00000100796.17	91512554	16222
ENSG00000133962.7	91594552	37883
ENSG00000133962.7	91594552	14321
ENSG00000133962.7	91782707	5281
ENSG00000133962.7	91782707	5281
ENSG00000133962.7	91782707	5281
ENSG00000069702.10	91908335	6812
ENSG00000069702.10	91908335	6812
ENSG00000069702.10	91908335	6812
ENSG00000138160.5	92591285	101
ENSG00000004948.13	93561810	7033
ENSG00000173124.14	95192199	8861
ENSG00000173124.14	95192199	8861
ENSG00000115041.12	95308221	347
ENSG00000185352.8	96088838	758
ENSG00000185352.8	96088838	758
ENSG00000165887.11	97570778	854
ENSG00000115085.13	97722460	3760
ENSG00000113966.9	97791371	2664
ENSG00000113966.9	97791371	2664
ENSG00000006453.13	98308957	313
ENSG00000006453.13	98308957	313
ENSG00000198018.6	99657505	1176
ENSG00000140105.17	100371185	58
ENSG00000140105.17	100371185	58
ENSG00000085514.15	100372043	963
ENSG00000085514.15	100372043	963
ENSG00000085514.15	100372043	963
ENSG00000186106.11	100561784	156
ENSG00000169876.13	101041710	440
ENSG00000169876.13	101041710	859
ENSG00000169876.13	101041710	859
ENSG00000107821.14	101061077	454
ENSG00000107821.14	101061077	454
ENSG00000107821.14	101061077	454
ENSG00000107821.14	101061077	454
ENSG00000140153.17	102169380	121
ENSG00000048392.11	102241118	421
ENSG00000152558.14	102451452	1784
ENSG00000152558.14	102451452	1274
ENSG00000152558.14	102451452	1274
ENSG00000171206.13	102642495	395
ENSG00000171206.13	102642495	395
ENSG00000228049.7	102673601	4092
ENSG00000171759.9	102917192	323
ENSG00000235376.5	103243886	12884
ENSG00000235376.5	103243886	12884
ENSG00000235376.5	103243886	2503
ENSG00000235376.5	103243886	2503
ENSG00000156384.14	104120164	717
ENSG00000148841.15	104340404	781
ENSG00000148841.15	104340404	781
ENSG00000148841.15	104340404	781
ENSG00000120051.14	104351763	1536
ENSG00000138780.14	105706777	109
ENSG00000071051.13	105814557	17223
ENSG00000168743.12	105956898	4650
ENSG00000166323.12	108464641	1281
ENSG00000166323.12	108464641	1281
ENSG00000075856.11	108546944	2381
ENSG00000138798.11	109966804	1303
ENSG00000138798.11	109974086	730
ENSG00000138798.11	109974086	730
ENSG00000157600.11	110142854	585
ENSG00000197106.6	110148485	3093
ENSG00000119950.20	110205604	2037
ENSG00000168679.17	110393082	2606
ENSG00000196510.12	110398510	165
ENSG00000134248.13	110409942	306
ENSG00000134248.13	110409942	306
ENSG00000203797.9	110417562	111
ENSG00000143105.6	110520838	1687
ENSG00000173093.12	110844768	4426
ENSG00000173093.12	110845026	736
ENSG00000173093.12	110845026	736
ENSG00000150593.15	110869794	12256
ENSG00000150593.15	110869794	11528
ENSG00000129595.12	112266987	1377
ENSG00000126217.20	112900194	1699
ENSG00000126217.20	112900194	1699
ENSG00000170209.4	113385790	792
ENSG00000196591.11	113958602	95
ENSG00000196591.11	113959286	922
ENSG00000196591.11	113959286	922
ENSG00000196591.11	113959286	922
ENSG00000196591.11	113959286	922
ENSG00000151576.10	114064244	72
ENSG00000128573.23	114084326	1523
ENSG00000111834.12	116614478	5185
ENSG00000111834.12	116614478	5185
ENSG00000111834.12	116614478	5185
ENSG00000111834.12	116614623	5979
ENSG00000111834.12	116614623	5979
ENSG00000001626.14	117609616	523
ENSG00000110375.2	118954315	4903
ENSG00000176142.12	119464008	2864
ENSG00000186416.12	119607895	392
ENSG00000110400.10	119689357	2816
ENSG00000110400.10	119689357	2816
ENSG00000089159.15	120252161	976
ENSG00000089159.15	120252161	976
ENSG00000106804.7	121008928	6207
ENSG00000154127.9	122707261	3307
ENSG00000065371.17	123994178	293
ENSG00000197309.2	124183215	30970
ENSG00000197309.2	124183215	30654
ENSG00000197309.2	124183215	30654
ENSG00000197309.2	124183215	30654
ENSG00000197309.2	124183215	30654
ENSG00000196498.13	124390824	1838
ENSG00000196498.13	124390824	1838
ENSG00000150991.14	124916443	17
ENSG00000150991.14	124916443	17
ENSG00000150991.14	124916443	17
ENSG00000150991.14	124916443	17
ENSG00000136877.14	127800857	3448
ENSG00000106992.17	127874713	1831
ENSG00000148346.11	128149668	305
ENSG00000148337.20	128206383	3848
ENSG00000148337.20	128206383	3848
ENSG00000151948.11	128851602	3442
ENSG00000170893.3	129972304	571
ENSG00000102034.16	130112361	1980
ENSG00000102034.16	130112361	1980
ENSG00000102034.16	130112361	1980
ENSG00000102034.16	130112361	1980
ENSG00000107130.9	130191827	1732
ENSG00000107130.9	130191827	1732
ENSG00000107130.9	130191827	1732
ENSG00000148357.16	130305518	4958
ENSG00000148357.16	130305518	4958
ENSG00000148357.16	130305518	4958
ENSG00000148357.16	130305518	4958
ENSG00000107263.18	131623838	2043
ENSG00000154269.14	131639454	1763
ENSG00000107263.18	131645391	1573
ENSG00000197594.11	131859609	2962
ENSG00000239642.5	131881020	4379
ENSG00000164398.12	131996701	964
ENSG00000171813.13	132395167	696
ENSG00000171813.13	132395167	696
ENSG00000171813.13	132395167	696
ENSG00000171813.13	132395167	696
ENSG00000197536.10	132417863	810
ENSG00000197536.10	132417863	810
ENSG00000197536.10	132417863	3151
ENSG00000197536.10	132417863	3151
ENSG00000197536.10	132417863	3619
ENSG00000184156.15	132449262	2634
ENSG00000184156.15	132449262	2634
ENSG00000184156.15	132449262	849
ENSG00000138246.15	132454293	1187
ENSG00000138246.15	132511007	2285
ENSG00000079950.13	132515198	1861
ENSG00000138246.15	132520972	2327
ENSG00000104419.14	133261446	339
ENSG00000123453.16	133669123	17953
ENSG00000123453.16	133705701	17896
ENSG00000123453.16	133705701	17896
ENSG00000123453.16	133705701	17896
ENSG00000091513.14	133764277	1197
ENSG00000181031.15	355097	613
ENSG00000181031.15	355097	613
ENSG00000174227.15	519050	566
ENSG00000007541.15	568061	271
ENSG00000007541.15	568061	271
ENSG00000104714.13	642632	117
ENSG00000162004.16	727855	20
ENSG00000162004.16	727855	20
ENSG00000162006.9	784054	485
ENSG00000067064.10	1051103	18
ENSG00000067064.10	1051103	18
ENSG00000278782.1	1155686	1909
ENSG00000172554.11	1260843	1733
ENSG00000172554.11	1260843	1733
ENSG00000127054.18	1317433	35
ENSG00000090581.9	1358622	393
ENSG00000185761.10	1515019	23
ENSG00000185761.10	1515019	23
ENSG00000164855.15	1548249	154
ENSG00000157778.8	1572045	15
ENSG00000157778.8	1572045	15
ENSG00000184545.10	1573920	103
ENSG00000197774.12	1772944	420
ENSG00000149043.16	1826542	458
ENSG00000149043.16	1826542	458
ENSG00000008710.17	2092839	115
ENSG00000070366.13	2097112	289
ENSG00000104885.17	2211589	500
ENSG00000162063.12	2427393	76
ENSG00000059122.16	2931148	463
ENSG00000087269.15	2943716	2644
ENSG00000124588.19	3002166	1679
ENSG00000171853.15	3422597	131
ENSG00000171853.15	3422597	131
ENSG00000185722.16	4182436	297
ENSG00000185722.16	4189109	2124
ENSG00000185722.16	4189109	2124
ENSG00000185722.16	4189109	2124
ENSG00000168757.12	6245622	5570
ENSG00000110148.9	6257735	5827
ENSG00000110148.9	6257925	829
ENSG00000110148.9	6257925	829
ENSG00000111319.12	6365625	13
ENSG00000170004.16	7905695	49
ENSG00000090661.11	8207302	1082
ENSG00000162426.14	8328427	411
ENSG00000133026.12	8606893	2815
ENSG00000133026.12	8606893	2815
ENSG00000196220.15	9365053	931
ENSG00000154845.15	9565866	129
ENSG00000197961.11	9569743	843
ENSG00000197961.11	9569743	416
ENSG00000173273.15	9613289	122
ENSG00000173273.15	9613289	122
ENSG00000173273.15	9613289	122
ENSG00000173273.15	9613289	122
ENSG00000173273.15	9613289	122
ENSG00000101849.15	9637819	1242
ENSG00000134072.10	9760047	2082
ENSG00000134072.10	9760047	2082
ENSG00000134072.10	9760047	2082
ENSG00000134072.10	9760047	389
ENSG00000171056.7	10732512	3181
ENSG00000171056.7	10732512	3181
ENSG00000154864.11	10793650	1318
ENSG00000154864.11	10793650	1318
ENSG00000179583.17	10899558	199
ENSG00000179583.17	10899558	199
ENSG00000179583.17	10899558	199
ENSG00000130733.10	10930681	381
ENSG00000130733.10	10930681	381
ENSG00000132164.9	10931965	1852
ENSG00000132164.9	10931965	1852
ENSG00000198793.12	11147025	1051
ENSG00000215910.7	11783170	570
ENSG00000144559.10	11813559	266
ENSG00000157152.16	12069557	870
ENSG00000121380.12	12077252	1153
ENSG00000121380.12	12077252	1153
ENSG00000214189.8	12090380	122
ENSG00000214189.8	12090380	122
ENSG00000188033.9	12599311	21
ENSG00000006744.18	13008546	430
ENSG00000101639.18	13027812	3029
ENSG00000107186.16	13138181	1890
ENSG00000107186.16	13138181	1890
ENSG00000089123.15	13640940	3810
ENSG00000089123.15	13640940	3810
ENSG00000089123.15	13640940	3810
ENSG00000123146.19	14379443	1501
ENSG00000123146.19	14379443	1501
ENSG00000105137.12	15108580	29
ENSG00000241322.8	15617694	652
ENSG00000241322.8	15617694	652
ENSG00000197312.11	15649835	176
ENSG00000197312.11	15649835	176
ENSG00000197312.11	15649835	176
ENSG00000186115.12	15900120	1674
ENSG00000130513.6	18384157	742
ENSG00000130513.6	18384157	742
ENSG00000130513.6	18384157	2
ENSG00000070413.18	19067904	3365
ENSG00000167186.10	19076591	4094
ENSG00000105855.9	20362644	674
ENSG00000168484.12	22154912	2050
ENSG00000168484.12	22154912	2050
ENSG00000099956.18	23789810	289
ENSG00000099956.18	23789810	289
ENSG00000137055.14	26948983	1720
ENSG00000152484.13	27173896	58
ENSG00000138085.16	27210026	445
ENSG00000087111.20	28565661	1008
ENSG00000180354.15	30132809	1173
ENSG00000204610.12	30161205	1542
ENSG00000204610.12	30166312	611
ENSG00000156282.4	30168756	2945
ENSG00000204310.10	32175115	1647
ENSG00000113384.13	32176302	13
ENSG00000141441.15	32333670	542
ENSG00000141441.15	32333670	542
ENSG00000116525.13	33183666	1333
ENSG00000116525.13	33183666	1333
ENSG00000163539.16	33690368	77
ENSG00000163539.16	33690368	77
ENSG00000163539.16	33690368	1871
ENSG00000163539.16	33690368	4954
ENSG00000125970.11	33991952	5087
ENSG00000205209.7	34596585	3986
ENSG00000205209.7	34596585	3986
ENSG00000198646.13	34751582	1748
ENSG00000198646.13	34751582	1748
ENSG00000039560.13	34824031	1398
ENSG00000039560.13	34824031	1398
ENSG00000039560.13	34824031	1398
ENSG00000131067.16	34854272	3808
ENSG00000101079.20	36748053	935
ENSG00000167258.13	39541990	308
ENSG00000167258.13	39541990	308
ENSG00000008838.17	40035675	1234
ENSG00000171877.19	43921502	864
ENSG00000100347.14	43988327	1064
ENSG00000107551.20	44979038	279
ENSG00000107551.20	44979038	279
ENSG00000107551.20	44979038	572
ENSG00000107551.20	44979038	572
ENSG00000104866.10	45089395	157
ENSG00000177045.7	45771226	349
ENSG00000177045.7	45771226	349
ENSG00000177045.7	45771226	349
ENSG00000185294.6	45842834	348
ENSG00000183625.14	46240380	2621
ENSG00000183625.14	46240380	2621
ENSG00000183625.14	46240380	2621
ENSG00000111371.15	46241895	1267
ENSG00000111371.15	46241895	1267
ENSG00000160294.10	46274623	772
ENSG00000160294.10	46274623	341
ENSG00000157613.10	46275660	396
ENSG00000157613.10	46275660	396
ENSG00000123472.12	46675867	581
ENSG00000105287.12	46718244	38
ENSG00000105287.12	46718244	38
ENSG00000134569.9	46920642	108
ENSG00000170448.11	47916667	932
ENSG00000170448.11	47916667	932
ENSG00000175387.15	47925642	1386
ENSG00000175387.15	47925642	1386
ENSG00000136143.14	47947939	1057
ENSG00000095015.5	56883952	1152
ENSG00000095015.5	56883952	1152
ENSG00000197714.8	57278050	185
ENSG00000153944.10	57292684	148
ENSG00000239388.8	57294682	2
ENSG00000111087.9	57458134	718
ENSG00000111087.9	57458134	718
ENSG00000125170.10	57478310	424
ENSG00000163689.18	59052084	5955
ENSG00000163689.18	59052084	5955
ENSG00000172456.17	59551917	1622
ENSG00000172456.17	59551917	1622
ENSG00000172456.17	59551917	1622
ENSG00000172456.17	59551917	1622
ENSG00000189050.14	59960637	1067
ENSG00000126778.8	60660259	2271
ENSG00000126778.8	60660259	2271
ENSG00000110104.11	60840070	8984
ENSG00000013725.14	60969865	502
ENSG00000162927.13	61020259	1347
ENSG00000162927.13	61020259	1347
ENSG00000139974.15	61041149	1013
ENSG00000173209.22	61175417	1348
ENSG00000173209.22	61175417	423
ENSG00000115464.14	61195365	92
ENSG00000115464.14	61195365	92
ENSG00000150471.15	61199257	1244
ENSG00000150471.15	61199257	1244
ENSG00000198363.15	61639986	11785
ENSG00000124920.13	61750641	2949
ENSG00000129003.15	61866760	4419
ENSG00000167995.15	61947820	189
ENSG00000167996.15	61969660	1829
ENSG00000167996.15	61969660	1829
ENSG00000130699.16	61983432	4760
ENSG00000130699.16	61983432	4760
ENSG00000150394.13	62023602	1866
ENSG00000150394.13	62023602	1866
ENSG00000150394.13	62039035	2963
ENSG00000150394.13	62039035	2963
ENSG00000130702.13	62311257	216
ENSG00000203965.12	63531576	245
ENSG00000133328.3	63565383	363
ENSG00000133328.3	63565383	1717
ENSG00000133328.3	63565383	1717
ENSG00000133328.3	63565383	1717
ENSG00000259384.6	63920668	499
ENSG00000168439.16	64183271	1659
ENSG00000197123.9	64247117	157
ENSG00000168071.21	64338222	6509
ENSG00000168071.21	64338222	6509
ENSG00000183735.9	64449879	1076
ENSG00000183735.9	64449879	358
ENSG00000171219.8	64846569	608
ENSG00000162434.11	64848909	177
ENSG00000279654.1	64892338	1031
ENSG00000102053.12	65364637	1653
ENSG00000102053.12	65364637	1653
ENSG00000146757.13	65371798	794
ENSG00000213625.8	65418667	4
ENSG00000213625.8	65418667	4
ENSG00000116678.18	65418719	2529
ENSG00000103742.11	65425072	2963
ENSG00000103742.11	65425072	2963
ENSG00000103742.11	65425072	2411
ENSG00000074603.18	65457691	2963
ENSG00000074603.18	65457691	2963
ENSG00000074603.18	65469155	242
ENSG00000074603.18	65469192	2695
ENSG00000049192.14	65475694	1424
ENSG00000049192.14	65475694	1424
ENSG00000151276.23	65480634	1359
ENSG00000151276.23	65480634	1359
ENSG00000102053.12	65486734	671
ENSG00000188107.13	65497410	82
ENSG00000279576.1	65505622	1148
ENSG00000279576.1	65505622	1148
ENSG00000113597.17	65653633	1171
ENSG00000113597.17	65653633	1171
ENSG00000123213.22	65816720	1158
ENSG00000123213.22	65816720	1158
ENSG00000184588.17	65990421	1451
ENSG00000184226.14	66308309	3558
ENSG00000184226.14	66308309	3558
ENSG00000184226.14	66308309	3558
ENSG00000278888.1	66677916	385
ENSG00000278888.1	66677916	385
ENSG00000178125.14	66984134	88
ENSG00000172824.14	66986588	729
ENSG00000172824.14	66986588	729
ENSG00000173156.6	67054888	144
ENSG00000104218.14	67081847	323
ENSG00000054690.13	67579585	3
ENSG00000102904.14	67805294	13
ENSG00000102904.14	67805294	13
ENSG00000198092.5	68131880	3643
ENSG00000198092.5	68131880	3643
ENSG00000033800.13	68144661	1441
ENSG00000033800.13	68144661	2280
ENSG00000046889.18	68155374	5133
ENSG00000046889.18	68155374	1648
ENSG00000111554.14	68297323	469
ENSG00000111554.14	68297323	469
ENSG00000165060.11	69044406	113
ENSG00000154262.12	69100592	721
ENSG00000145740.18	69115342	453
ENSG00000145740.18	69115342	222
ENSG00000145740.18	69115342	222
ENSG00000168802.12	69122622	56
ENSG00000168802.12	69122622	56
ENSG00000141076.17	69131510	85
ENSG00000141076.17	69131510	85
ENSG00000139990.17	69155150	166
ENSG00000135226.16	69278486	333
ENSG00000137807.13	69420899	360
ENSG00000137807.13	69442754	508
ENSG00000156096.12	69497861	662
ENSG00000124380.10	69902253	1687
ENSG00000126545.13	69937175	2314
ENSG00000126545.13	69937175	2314
ENSG00000157322.16	69948704	131
ENSG00000100678.18	70191070	522
ENSG00000147140.15	71282193	1717
ENSG00000147140.15	71282193	1717
ENSG00000147166.10	71299733	435
ENSG00000135624.15	73241845	691
ENSG00000172586.7	73780046	861
ENSG00000172586.7	73780046	861
ENSG00000172586.7	73780046	861
ENSG00000138621.11	75021604	1306
ENSG00000140400.14	75366608	236
ENSG00000174792.10	75554064	228
ENSG00000169410.9	75581289	1571
ENSG00000169410.9	75581289	1571
ENSG00000169410.9	75581289	1571
ENSG00000189157.13	76234268	726
ENSG00000189157.13	76234268	726
ENSG00000189157.13	76234268	726
ENSG00000189157.13	76234268	726
ENSG00000189157.13	76234268	726
ENSG00000189157.13	76234268	726
ENSG00000140386.12	76578951	571
ENSG00000140386.12	76578951	571
ENSG00000070495.14	76722637	997
ENSG00000070495.14	76722637	997
ENSG00000092931.11	76771096	1452
ENSG00000092931.11	76771096	215
ENSG00000140386.12	76799543	629
ENSG00000140386.12	76799543	629
ENSG00000186908.14	76838058	1776
ENSG00000186908.14	76838058	1134
ENSG00000141542.10	82698870	3185
ENSG00000176845.12	83092248	404
ENSG00000163312.10	83429726	19068
ENSG00000163312.10	83429726	19068
ENSG00000198774.4	85838570	5824
ENSG00000132305.20	86173577	496
ENSG00000132305.20	86173577	496
ENSG00000132305.20	86173577	496
ENSG00000132305.20	86197002	3422
ENSG00000170289.12	86745609	2325
ENSG00000170289.12	86745609	2325
ENSG00000172493.20	87004987	4815
ENSG00000203872.6	87354143	1330
ENSG00000203872.6	87354143	1330
ENSG00000152779.13	89558641	1242
ENSG00000107854.5	91796311	631
ENSG00000012963.13	93216680	5
ENSG00000120833.13	93567813	396
ENSG00000127928.12	93589572	304
ENSG00000095464.9	93610587	1281
ENSG00000105825.11	93892991	2449
ENSG00000119698.11	94173779	10031
ENSG00000137962.12	94197940	1574
ENSG00000164941.13	94873950	2810
ENSG00000271092.5	95149376	226
ENSG00000271092.5	95149376	226
ENSG00000271092.5	95149376	791
ENSG00000271092.5	95149376	791
ENSG00000144029.11	95151434	532
ENSG00000144029.11	95151434	532
ENSG00000144029.11	95151434	532
ENSG00000028203.17	95249944	4327
ENSG00000028203.17	95292271	315
ENSG00000115041.12	95295346	825
ENSG00000185920.15	95451936	1887
ENSG00000176438.12	95458189	1050
ENSG00000138185.17	95709778	4186
ENSG00000144820.7	100633537	496
ENSG00000136872.17	101437823	3838
ENSG00000136872.17	101437823	3838
ENSG00000115590.13	102007561	47
ENSG00000104517.12	102269435	1030
ENSG00000104517.12	102269435	1030
ENSG00000138821.12	102306488	524
ENSG00000138821.12	102306488	524
ENSG00000115602.16	102309567	2860
ENSG00000115602.16	102309567	2860
ENSG00000077150.17	102392109	1377
ENSG00000215029.8	102473812	194
ENSG00000205359.9	102479697	2890
ENSG00000161040.16	102975219	487
ENSG00000126214.21	103682776	418
ENSG00000126214.21	103682776	418
ENSG00000166428.12	104922815	4945
ENSG00000166428.12	104922815	4945
ENSG00000112297.14	106509854	16175
ENSG00000112297.14	106509854	16175
ENSG00000091137.11	107689889	384
ENSG00000075239.13	108119515	3877
ENSG00000075239.13	108119515	3877
ENSG00000139436.20	109945021	1059
ENSG00000196510.12	110379901	2806
ENSG00000164209.16	110753119	6854
ENSG00000030304.13	110773346	4509
ENSG00000171133.2	111330433	2609
ENSG00000171133.2	111330520	4158
ENSG00000119913.4	112281734	1816
ENSG00000119913.4	112281734	1816
ENSG00000172139.14	112288879	1137
ENSG00000144848.10	112564046	152
ENSG00000144848.10	112564046	152
ENSG00000170209.4	113385790	1164
ENSG00000185974.6	113665154	27
ENSG00000184497.12	113797887	1188
ENSG00000185989.10	114038193	2112
ENSG00000185989.10	114038193	2112
ENSG00000198824.5	114319125	3245
ENSG00000118729.11	115770781	14380
ENSG00000165868.12	116694467	897
ENSG00000165868.12	116694467	897
ENSG00000198898.12	116809069	996
ENSG00000198898.12	116809069	996
ENSG00000198898.12	116809069	996
ENSG00000149573.8	118266536	10862
ENSG00000164099.3	118315276	1294
ENSG00000145388.14	118689533	13
ENSG00000145388.14	118689533	13
ENSG00000145388.14	118689533	13
ENSG00000174460.3	118821789	1356
ENSG00000160683.4	118881765	11652
ENSG00000160683.4	118881765	11652
ENSG00000160683.4	118881765	11652
ENSG00000145779.7	119352772	146
ENSG00000064313.11	119834834	2247
ENSG00000107651.12	119912499	5414
ENSG00000135127.11	119997852	4230
ENSG00000149403.11	120509801	1318
ENSG00000050730.15	121229466	2130
ENSG00000170633.16	121417897	902
ENSG00000170633.16	121417897	902
ENSG00000074054.17	121651587	3769
